"Date Time","Open","High","Low","Close","Change"
2017-10-24,1053.02,1058.43,1052.07,1056.78,0
2017-10-25,1056.78,1059.13,1045.48,1053.21,-3.5699999999999363
2017-10-26,1053.21,1061.8,1053.21,1056.84,3.6299999999998818
2017-10-27,1077.01,1090.72,1056.84,1087.6,30.75999999999999
2017-10-30,1087.6,1094.77,1085.98,1092,4.400000000000091
2017-10-31,1092,1098.67,1091.15,1096.28,4.279999999999973
2017-11-01,1096.28,1101.87,1091.11,1097.08,0.7999999999999545
2017-11-02,1097.08,1099.14,1089.17,1098.29,1.2100000000000364
2017-11-03,1098.29,1108.73,1097.7,1107.65,9.360000000000127
2017-11-06,1107.65,1112.32,1107.65,1111.49,3.839999999999918
2017-11-07,1111.49,1113.72,1107.83,1112.74,1.25
2017-11-08,1112.74,1118.55,1109.16,1118.2,5.460000000000036
2017-11-09,1118.2,1118.2,1096.85,1108.69,-9.509999999999991
2017-11-10,1108.69,1108.69,1103.2,1107.67,-1.0199999999999818
2017-11-13,1107.67,1108.46,1102.93,1107.52,-0.15000000000009095
2017-11-14,1107.52,1107.52,1099.24,1105.7,-1.8199999999999363
2017-11-15,1105.7,1105.7,1093.24,1096.33,-9.370000000000118
2017-11-16,1096.33,1113.74,1096.33,1110.89,14.560000000000173
2017-11-17,1110.89,1110.89,1102.25,1103.47,-7.420000000000073
2017-11-20,1103.47,1107.94,1103.47,1106.54,3.0699999999999363
2017-11-21,1106.54,1120.03,1106.54,1119.76,13.220000000000027
2017-11-22,1119.76,1119.76,1115.24,1116.88,-2.8799999999998818
2017-11-24,1116.88,1123.66,1116.88,1122.93,6.0499999999999545
2017-11-27,1122.93,1124.44,1118.84,1122.81,-0.12000000000011823
2017-11-28,1122.81,1127.23,1118.99,1124.85,2.0399999999999636
2017-11-29,1124.85,1124.85,1087.95,1096.05,-28.799999999999955
2017-11-30,1096.05,1108.49,1096.05,1106.52,10.470000000000027
2017-12-01,1106.52,1106.52,1083.98,1100.23,-6.289999999999964
2017-12-04,1100.23,1106.33,1078.14,1078.97,-21.25999999999999
2017-12-05,1078.97,1093.97,1072.35,1081.2,2.230000000000018
2017-12-06,1081.2,1091.6,1080.8,1089.34,8.139999999999873
2017-12-07,1089.34,1098.5,1089.34,1096.41,7.070000000000164
2017-12-08,1096.41,1107.7,1096.41,1101.07,4.6599999999998545
2017-12-11,1101.07,1110.62,1100.96,1110.03,8.960000000000036
2017-12-12,1110.03,1112.34,1104.17,1107.11,-2.9200000000000728
2017-12-13,1107.11,1113.41,1107.1,1107.59,0.4800000000000182
2017-12-14,1107.59,1113.64,1106.57,1106.74,-0.849999999999909
2017-12-15,1106.74,1121.42,1106.74,1120.43,13.690000000000055
2017-12-18,1120.43,1130.34,1120.43,1128.9,8.470000000000027
2017-12-19,1128.9,1128.9,1119.04,1122.93,-5.970000000000027
2017-12-20,1122.93,1127.44,1116.12,1121.89,-1.0399999999999636
2017-12-21,1121.89,1126.22,1117.95,1118.65,-3.240000000000009
2017-12-22,1118.65,1118.65,1115.29,1117.81,-0.8400000000001455
2017-12-26,1117.81,1117.81,1104.99,1110.03,-7.779999999999973
2017-12-27,1110.03,1113.13,1109.16,1111.83,1.7999999999999545
2017-12-28,1111.83,1115.26,1111.12,1112.99,1.1600000000000819
2017-12-29,1112.99,1113.91,1106.18,1106.18,-6.809999999999945
2018-01-02,1106.18,1122.01,1106.18,1121.81,15.629999999999882
2018-01-03,1121.81,1134.55,1121.81,1133.99,12.180000000000064
2018-01-04,1133.99,1143,1133.99,1139.4,5.410000000000082
2018-01-05,1139.4,1153.2,1139.4,1152.81,13.409999999999854
2018-01-08,1152.81,1158.96,1151.13,1157.02,4.210000000000036
2018-01-09,1157.02,1158.89,1151.4,1154.03,-2.990000000000009
2018-01-10,1154.03,1154.03,1144.52,1150.45,-3.5799999999999272
2018-01-11,1150.45,1155.96,1150.18,1155.94,5.490000000000009
2018-01-12,1155.94,1163.78,1152.32,1162.94,7
2018-01-16,1162.94,1174.39,1154.69,1158.12,-4.820000000000164
2018-01-17,1158.12,1177.09,1158.12,1176.42,18.300000000000182
2018-01-18,1176.42,1181.6,1173.79,1178.45,2.0299999999999727
2018-01-19,1178.45,1183.11,1174.8,1180.28,1.8299999999999272
2018-01-22,1180.28,1190.52,1177.06,1190.51,10.230000000000018
2018-01-23,1190.51,1199.85,1190.51,1198.14,7.630000000000109
2018-01-24,1198.14,1202.31,1183.26,1187.27,-10.870000000000118
2018-01-25,1187.27,1196.16,1181.63,1184.42,-2.849999999999909
2018-01-26,1184.42,1203.88,1184.42,1203.88,19.460000000000036
2018-01-29,1203.88,1203.88,1191.26,1193.4,-10.480000000000018
2018-01-30,1193.4,1193.4,1178,1181.23,-12.170000000000073
2018-01-31,1181.23,1192.03,1181.23,1189.88,8.650000000000091
2018-02-01,1189.88,1198.26,1183.85,1189.53,-0.3500000000001364
2018-02-02,1189.53,1189.53,1153.94,1154.3,-35.23000000000002
2018-02-05,1154.3,1164.04,1107.67,1107.78,-46.51999999999998
2018-02-06,1107.78,1140.4,1085.49,1138.99,31.210000000000036
2018-02-07,1138.99,1146.91,1123.3,1123.36,-15.63000000000011
2018-02-08,1123.36,1127.83,1075.89,1075.94,-47.419999999999845
2018-02-09,1075.94,1109.99,1057.51,1103.12,27.179999999999836
2018-02-12,1103.12,1129.89,1103.12,1122.89,19.77000000000021
2018-02-13,1122.89,1128.24,1113.94,1125.89,3
2018-02-14,1125.89,1149.24,1118.41,1147.85,21.95999999999981
2018-02-15,1147.85,1169.89,1145.54,1169.66,21.810000000000173
2018-02-16,1169.66,1180.48,1166.21,1167.43,-2.230000000000018
2018-02-20,1167.43,1179.4,1160.97,1170.33,2.8999999999998636
2018-02-21,1170.33,1185.25,1163.35,1163.35,-6.980000000000018
2018-02-22,1163.35,1175.01,1161.6,1164.32,0.9700000000000273
2018-02-23,1164.32,1189.84,1164.32,1189.61,25.289999999999964
2018-02-26,1189.61,1208.54,1189.61,1208.38,18.77000000000021
2018-02-27,1208.38,1214.48,1196.9,1196.91,-11.470000000000027
2018-02-28,1196.91,1209.18,1188.53,1188.55,-8.360000000000127
2018-03-01,1188.55,1195.99,1158.81,1168.35,-20.200000000000045
2018-03-02,1168.35,1181.48,1150.18,1179.69,11.340000000000146
2018-03-05,1179.69,1195.31,1170.58,1190.8,11.1099999999999
2018-03-06,1190.8,1200.08,1188.44,1193.69,2.8900000000001
2018-03-07,1193.69,1201.55,1184.47,1200.29,6.599999999999909
2018-03-08,1200.29,1207.12,1198.31,1205.76,5.470000000000027
2018-03-09,1205.76,1230.29,1205.76,1230.29,24.529999999999973
2018-03-12,1230.29,1239.09,1230.16,1233.97,3.6800000000000637
2018-03-13,1233.97,1244.67,1214.64,1219.09,-14.88000000000011
2018-03-14,1219.09,1225.77,1212.17,1218.24,-0.849999999999909
2018-03-15,1218.24,1226.32,1212.84,1219.2,0.9600000000000364
2018-03-16,1219.2,1225.6,1215.85,1218.41,-0.7899999999999636
2018-03-19,1218.41,1218.41,1182.39,1192.67,-25.74000000000001
2018-03-20,1192.67,1197.19,1185.92,1192.92,0.25
2018-03-21,1192.92,1201.8,1182.71,1185.8,-7.120000000000118
2018-03-22,1185.8,1185.8,1153.49,1153.91,-31.889999999999873
2018-03-23,1153.91,1158.54,1122.38,1122.4,-31.50999999999999
2018-03-26,1122.4,1168.83,1122.4,1167.63,45.23000000000002
2018-03-27,1167.63,1174.84,1118.1,1127.09,-40.54000000000019
2018-03-28,1127.09,1135.98,1110.76,1117.33,-9.759999999999991
2018-03-29,1117.33,1153.45,1117.33,1141.62,24.289999999999964
2018-04-02,1141.62,1142.04,1100.73,1113.28,-28.339999999999918
2018-04-03,1113.28,1127.11,1105.41,1124.52,11.240000000000009
2018-04-04,1124.52,1143.03,1100.31,1139.88,15.360000000000127
2018-04-05,1139.88,1152.64,1136.45,1144.41,4.529999999999973
2018-04-06,1144.41,1144.41,1110.48,1115.44,-28.970000000000027
2018-04-09,1115.44,1147.17,1115.44,1124.12,8.679999999999836
2018-04-10,1124.12,1156.73,1124.12,1152.03,27.910000000000082
2018-04-11,1152.03,1157.07,1143.97,1146.16,-5.869999999999891
2018-04-12,1146.16,1166.24,1146.16,1160.89,14.730000000000018
2018-04-13,1160.89,1170.15,1151.65,1157.09,-3.800000000000182
2018-04-16,1157.09,1169.92,1157.09,1165.22,8.13000000000011
2018-04-17,1165.22,1192.52,1165.22,1188.64,23.420000000000073
2018-04-18,1188.64,1190.22,1177.69,1185.86,-2.7800000000002
2018-04-19,1185.86,1185.86,1167.39,1172.42,-13.439999999999827
2018-04-20,1172.42,1172.42,1150.18,1154.71,-17.710000000000036
2018-04-23,1154.71,1162.88,1144.58,1150.12,-4.5900000000001455
2018-04-24,1150.12,1158.04,1118.95,1127.26,-22.8599999999999
2018-04-25,1127.26,1130.76,1111.92,1125.92,-1.3399999999999181
2018-04-26,1125.92,1155.9,1125.92,1151.48,25.559999999999945
2018-04-27,1151.48,1163.83,1141.38,1147.79,-3.6900000000000546
2018-04-30,1147.79,1159.38,1139.57,1141.98,-5.809999999999945
2018-05-01,1141.98,1159.12,1137.76,1158.7,16.720000000000027
2018-05-02,1158.7,1171.66,1156.91,1158.36,-0.3400000000001455
2018-05-03,1158.36,1166.35,1142.87,1161.72,3.3600000000001273
2018-05-04,1161.72,1186.3,1155.65,1184.62,22.899999999999864
2018-05-07,1184.62,1199.1,1184.62,1193.98,9.360000000000127
2018-05-08,1193.98,1198.32,1186.89,1197.43,3.4500000000000455
2018-05-09,1197.43,1213.93,1197.08,1213.88,16.450000000000045
2018-05-10,1213.88,1230.09,1213.88,1229.46,15.579999999999927
2018-05-11,1229.46,1229.86,1220.72,1225.49,-3.9700000000000273
2018-05-14,1225.49,1234.6,1223.56,1225.28,-0.21000000000003638
2018-05-15,1225.28,1225.28,1206.81,1213.52,-11.759999999999991
2018-05-16,1213.52,1220.97,1211.72,1218.08,4.559999999999945
2018-05-17,1218.08,1222.14,1206.38,1212.09,-5.990000000000009
2018-05-18,1212.09,1213.3,1205.39,1206.58,-5.509999999999991
2018-05-21,1206.58,1223.8,1206.58,1216.7,10.120000000000118
2018-05-22,1216.7,1224.42,1211.53,1213.53,-3.1700000000000728
2018-05-23,1213.53,1224.11,1204.71,1223.92,10.3900000000001
2018-05-24,1223.92,1225.28,1209.15,1222.43,-1.490000000000009
2018-05-25,1222.43,1226.26,1218.67,1222.42,-0.009999999999990905
2018-05-29,1222.42,1222.42,1206.7,1214.37,-8.050000000000182
2018-05-30,1214.37,1225.45,1214.37,1223.17,8.800000000000182
2018-05-31,1223.17,1233.43,1221.68,1223.45,0.2799999999999727
2018-06-01,1223.45,1247.57,1223.45,1247.55,24.09999999999991
2018-06-04,1247.55,1259.15,1247.55,1257.42,9.870000000000118
2018-06-05,1257.42,1264.54,1257.42,1262.82,5.399999999999864
2018-06-06,1262.82,1269.73,1257.72,1269.56,6.740000000000009
2018-06-07,1269.56,1269.89,1248.14,1255.77,-13.789999999999964
2018-06-08,1255.77,1257.86,1245.24,1256.13,0.36000000000012733
2018-06-11,1256.13,1260.4,1252.36,1255.99,-0.14000000000010004
2018-06-12,1255.99,1264.22,1255.99,1263.31,7.319999999999936
2018-06-13,1263.31,1271.82,1259.45,1260.43,-2.8799999999998818
2018-06-14,1260.43,1272.01,1260.43,1268.1,7.669999999999845
2018-06-15,1268.1,1268.1,1255.39,1262.42,-5.679999999999836
2018-06-18,1262.42,1266.51,1249.56,1265.73,3.3099999999999454
2018-06-19,1265.73,1265.73,1240.82,1256.65,-9.079999999999927
2018-06-20,1256.65,1267.46,1256.65,1260.84,4.189999999999827
2018-06-21,1260.84,1266.49,1248,1250.71,-10.129999999999882
2018-06-22,1250.71,1252.64,1241,1245.94,-4.769999999999982
2018-06-25,1245.94,1245.94,1206.63,1217.55,-28.3900000000001
2018-06-26,1217.55,1232.01,1217.55,1223.34,5.789999999999964
2018-06-27,1223.34,1232.89,1205.57,1205.57,-17.769999999999982
2018-06-28,1205.57,1223.17,1204.02,1218.54,12.970000000000027
2018-06-29,1218.54,1229.9,1217.22,1218.64,0.10000000000013642
2018-07-02,1218.64,1230.93,1206.31,1230.67,12.029999999999973
2018-07-03,1230.67,1234.59,1213.04,1213.8,-16.87000000000012
2018-07-05,1213.8,1232.29,1213.8,1231.58,17.779999999999973
2018-07-06,1231.58,1248.88,1229.14,1246.81,15.230000000000018
2018-07-09,1246.81,1257.32,1246.81,1256.99,10.180000000000064
2018-07-10,1256.99,1263.75,1256.93,1259.93,2.9400000000000546
2018-07-11,1259.93,1259.93,1248.59,1253.51,-6.420000000000073
2018-07-12,1253.51,1276.53,1253.51,1276,22.49000000000001
2018-07-13,1276,1278.86,1270.93,1275.7,-0.2999999999999545
2018-07-16,1275.7,1278.02,1268.93,1271.25,-4.4500000000000455
2018-07-17,1271.25,1284.06,1261.72,1281.56,10.309999999999945
2018-07-18,1281.56,1281.88,1275.2,1280.13,-1.4299999999998363
2018-07-19,1280.13,1282.36,1273.62,1275.85,-4.2800000000002
2018-07-20,1275.85,1284.36,1275.27,1276.99,1.1400000000001
2018-07-23,1276.99,1284.5,1269.04,1283.6,6.6099999999999
2018-07-24,1283.6,1302.52,1283.6,1290,6.400000000000091
2018-07-25,1290,1309.64,1290,1309.37,19.36999999999989
2018-07-26,1309.37,1309.37,1282.89,1287.9,-21.4699999999998
2018-07-27,1287.9,1289.57,1254.57,1262.27,-25.63000000000011
2018-07-30,1262.27,1262.28,1231.73,1239.79,-22.480000000000018
2018-07-31,1239.79,1251.82,1235.66,1243.45,3.660000000000082
2018-08-01,1243.45,1260.06,1243.45,1255.48,12.029999999999973
2018-08-02,1255.48,1274.3,1244.24,1272.67,17.190000000000055
2018-08-03,1272.67,1277.05,1266.69,1277.05,4.379999999999882
2018-08-06,1277.05,1284.67,1273.3,1284.6,7.5499999999999545
2018-08-07,1284.6,1294.62,1284.6,1288.83,4.230000000000018
2018-08-08,1288.83,1295.09,1284.5,1292.47,3.6400000000001
2018-08-09,1292.47,1297.47,1291.05,1291.77,-0.7000000000000455
2018-08-10,1291.77,1291.77,1277.09,1281.29,-10.480000000000018
2018-08-13,1281.29,1293.32,1278.83,1279.42,-1.8699999999998909
2018-08-14,1279.42,1288.75,1275.89,1287.33,7.9099999999998545
2018-08-15,1287.33,1287.33,1263.25,1273.61,-13.720000000000027
2018-08-16,1273.61,1285.53,1273.61,1276.82,3.2100000000000364
2018-08-17,1276.82,1282.09,1268.13,1279.16,2.3400000000001455
2018-08-20,1279.16,1282.14,1271.09,1277.2,-1.9600000000000364
2018-08-21,1277.2,1286.75,1277.11,1278.14,0.9400000000000546
2018-08-22,1278.14,1286.59,1273.66,1284.25,6.1099999999999
2018-08-23,1284.25,1294.4,1283.28,1286.61,2.3599999999999
2018-08-24,1286.61,1301.3,1286.61,1300.75,14.1400000000001
2018-08-27,1300.75,1313.91,1300.75,1313.3,12.549999999999955
2018-08-28,1313.3,1319.07,1312.51,1316.12,2.8199999999999363
2018-08-29,1316.12,1330.08,1316.12,1329.47,13.350000000000136
2018-08-30,1329.47,1334.95,1321.9,1325.59,-3.880000000000109
2018-08-31,1325.59,1330.78,1322.91,1327.21,1.6200000000001182
2018-09-04,1327.21,1327.21,1313.25,1323.19,-4.019999999999982
2018-09-05,1323.19,1323.19,1297.24,1303.36,-19.830000000000155
2018-09-06,1303.36,1304.44,1283.17,1292.79,-10.569999999999936
2018-09-07,1292.79,1299.81,1282.96,1288.34,-4.4500000000000455
2018-09-10,1288.34,1294.84,1285.24,1292.41,4.070000000000164
2018-09-11,1292.41,1306.35,1284.98,1303.24,10.829999999999927
2018-09-12,1303.24,1303.24,1285.23,1296.77,-6.470000000000027
2018-09-13,1296.77,1315.97,1296.77,1311.64,14.870000000000118
2018-09-14,1311.64,1318.11,1305.6,1311.93,0.2899999999999636
2018-09-17,1311.93,1312.18,1292.35,1293.67,-18.25999999999999
2018-09-18,1293.67,1309.04,1292.29,1301.71,8.039999999999964
2018-09-19,1301.71,1306.56,1291.48,1300.39,-1.3199999999999363
2018-09-20,1300.39,1317.95,1300.39,1315.67,15.279999999999973
2018-09-21,1315.67,1322.33,1309.32,1311.17,-4.5
2018-09-24,1311.17,1316.42,1298.69,1315.29,4.119999999999891
2018-09-25,1315.29,1317.58,1309.71,1314.71,-0.5799999999999272
2018-09-26,1314.71,1321.95,1307.93,1309.37,-5.3400000000001455
2018-09-27,1309.37,1321.08,1309.37,1316.38,7.010000000000218
2018-09-28,1316.38,1323.72,1313.87,1322.07,5.689999999999827
2018-10-01,1322.07,1334.15,1322.07,1328.55,6.480000000000018
2018-10-02,1328.55,1336.39,1323.44,1328.41,-0.13999999999987267
2018-10-03,1328.41,1338.95,1328.41,1332.87,4.459999999999809
2018-10-04,1332.87,1332.87,1300.22,1309.08,-23.789999999999964
2018-10-05,1309.08,1311.78,1279.56,1292.51,-16.569999999999936
2018-10-08,1292.51,1292.51,1263.03,1277.25,-15.259999999999991
2018-10-09,1277.25,1289.32,1274.54,1281.78,4.529999999999973
2018-10-10,1281.78,1281.78,1219.27,1220.62,-61.16000000000008
2018-10-11,1220.62,1237.03,1194.76,1205.14,-15.47999999999979
2018-10-12,1205.14,1246.97,1205.14,1243.12,37.97999999999979
2018-10-15,1243.12,1243.12,1222.26,1222.77,-20.34999999999991
2018-10-16,1222.77,1262.39,1222.77,1259.74,36.97000000000003
2018-10-17,1259.74,1260.96,1242.34,1253.79,-5.9500000000000455
2018-10-18,1253.79,1253.79,1221.69,1228.5,-25.289999999999964
2018-10-19,1228.5,1249.23,1223.84,1228.63,0.13000000000010914
2018-10-22,1228.63,1246.15,1226.95,1238.58,9.949999999999818
2018-10-23,1238.58,1240.23,1200.61,1233.61,-4.970000000000027
2018-10-24,1233.61,1233.61,1177.23,1178.97,-54.63999999999987
2018-10-25,1178.97,1225.19,1178.97,1218.14,39.17000000000007
2018-10-26,1218.14,1218.14,1177.67,1195.35,-22.79000000000019
2018-10-29,1195.35,1219.56,1150.95,1173.73,-21.61999999999989
2018-10-30,1173.73,1191.12,1163.3,1187.29,13.559999999999945
2018-10-31,1187.29,1225.25,1187.29,1215.67,28.38000000000011
2018-11-01,1215.67,1230.67,1207.12,1230.27,14.599999999999909
2018-11-02,1230.27,1230.27,1195.88,1206.99,-23.279999999999973
2018-11-05,1206.99,1206.99,1187.29,1204.82,-2.1700000000000728
2018-11-06,1204.82,1217.39,1202.26,1212.2,7.380000000000109
2018-11-07,1212.2,1247.2,1212.2,1247.05,34.84999999999991
2018-11-08,1247.05,1247.05,1237.62,1244.57,-2.480000000000018
2018-11-09,1244.57,1244.57,1213.41,1223.95,-20.61999999999989
2018-11-12,1223.95,1223.95,1179.09,1180.61,-43.340000000000146
2018-11-13,1180.61,1201.96,1178.58,1181.67,1.0600000000001728
2018-11-14,1181.67,1196.06,1160.58,1166.44,-15.230000000000018
2018-11-15,1166.44,1198.39,1161.76,1195.08,28.639999999999873
2018-11-16,1195.08,1200.74,1179.15,1193.78,-1.2999999999999545
2018-11-19,1193.78,1193.78,1145.14,1148.59,-45.190000000000055
2018-11-20,1148.59,1148.59,1108.98,1124.02,-24.569999999999936
2018-11-21,1124.02,1142.92,1124.02,1131.03,7.009999999999991
2018-11-23,1131.03,1133.56,1119.2,1121.19,-9.839999999999918
2018-11-26,1121.19,1146.55,1121.19,1146.43,25.24000000000001
2018-11-27,1146.43,1150.68,1132.42,1149.2,2.769999999999982
2018-11-28,1149.2,1188.92,1149.2,1188.71,39.50999999999999
2018-11-29,1188.71,1188.71,1171.48,1177.37,-11.340000000000146
2018-11-30,1177.37,1189.88,1172.74,1189.88,12.510000000000218
2018-12-03,1189.88,1219.04,1189.88,1215.03,25.149999999999864
2018-12-04,1215.03,1215.03,1166.34,1168.19,-46.83999999999992
2018-12-06,1168.19,1170.9,1135.55,1170.88,2.6900000000000546
2018-12-07,1170.88,1171.04,1124.88,1129.59,-41.29000000000019
2018-12-10,1129.59,1149.9,1117.84,1145.75,16.160000000000082
2018-12-11,1145.75,1164.93,1137.91,1146.76,1.009999999999991
2018-12-12,1146.76,1174.14,1146.76,1155.84,9.079999999999927
2018-12-13,1155.84,1169.68,1151.34,1158.09,2.25
2018-12-14,1158.09,1158.09,1128.25,1129.35,-28.74000000000001
2018-12-17,1129.35,1132.72,1096.46,1104.35,-25
2018-12-18,1104.35,1123.24,1104.35,1113.88,9.5300000000002
2018-12-19,1113.88,1130.39,1080.01,1092.27,-21.610000000000127
2018-12-20,1092.27,1097.75,1056.82,1071.69,-20.579999999999927
2018-12-21,1071.69,1084.69,1035.01,1039.67,-32.01999999999998
2018-12-24,1039.67,1041.86,1011,1011.31,-28.360000000000127
2018-12-26,1011.31,1072.72,1011.31,1072.49,61.180000000000064
2018-12-27,1072.49,1081.32,1037.54,1080.76,8.269999999999982
2018-12-28,1080.76,1095.94,1068.98,1078.06,-2.7000000000000455
2018-12-31,1078.06,1092.04,1078.06,1088.31,10.25
2019-01-02,1088.31,1095.27,1066.84,1089.04,0.7300000000000182
2019-01-03,1089.04,1089.04,1032.42,1033.85,-55.190000000000055
2019-01-04,1033.85,1083.84,1033.85,1079.29,45.440000000000055
2019-01-07,1079.29,1096.5,1077.13,1088.59,9.299999999999955
2019-01-08,1088.59,1103.21,1085.24,1098.35,9.759999999999991
2019-01-09,1098.35,1118.02,1098.35,1111.92,13.570000000000164
2019-01-10,1111.92,1117.72,1098.72,1117.07,5.149999999999864
2019-01-11,1117.07,1117.07,1108.52,1115.53,-1.5399999999999636
2019-01-14,1115.53,1115.53,1101.13,1105.31,-10.220000000000027
2019-01-15,1105.31,1123.61,1105.31,1121.68,16.37000000000012
2019-01-16,1121.68,1129.23,1120.59,1122.2,0.5199999999999818
2019-01-17,1122.2,1136.09,1116.03,1129.7,7.5
2019-01-18,1129.7,1149.16,1129.7,1146.57,16.86999999999989
2019-01-22,1146.57,1146.57,1118.84,1126.34,-20.230000000000018
2019-01-23,1126.34,1140.53,1118.85,1131,4.660000000000082
2019-01-24,1131,1144.84,1131,1141.51,10.509999999999991
2019-01-25,1141.51,1160.46,1141.51,1158.04,16.529999999999973
2019-01-28,1158.04,1158.04,1132.35,1141.83,-16.210000000000036
2019-01-29,1141.83,1144.01,1127.88,1130.3,-11.529999999999973
2019-01-30,1130.3,1167.61,1130.3,1164.51,34.210000000000036
2019-01-31,1164.51,1169.35,1155.04,1163.16,-1.349999999999909
2019-02-01,1163.16,1176.23,1162.92,1170.2,7.039999999999964
2019-02-04,1170.2,1189.08,1170.2,1188.93,18.730000000000018
2019-02-05,1188.93,1201.59,1188.93,1199.45,10.519999999999982
2019-02-06,1199.45,1205.67,1195.25,1202.35,2.8999999999998636
2019-02-07,1202.35,1202.35,1177.6,1185.04,-17.309999999999945
2019-02-08,1185.04,1191.18,1175.04,1190.85,5.809999999999945
2019-02-11,1190.85,1198.91,1188.38,1190.9,0.0500000000001819
2019-02-12,1190.9,1208.31,1190.9,1207.13,16.230000000000018
2019-02-13,1207.13,1216.96,1207.13,1208.81,1.6799999999998363
2019-02-14,1208.81,1214.52,1203.12,1210.29,1.4800000000000182
2019-02-15,1210.29,1221.03,1210.29,1219.86,9.569999999999936
2019-02-19,1219.86,1224.02,1215.64,1220.06,0.20000000000004547
2019-02-20,1220.06,1225.81,1214.56,1220.55,0.4900000000000091
2019-02-21,1220.55,1226.06,1213.84,1221.16,0.6100000000001273
2019-02-22,1221.16,1237.53,1221.16,1236.87,15.709999999999809
2019-02-25,1236.87,1251.51,1236.87,1242.99,6.120000000000118
2019-02-26,1242.99,1249.04,1238.91,1245.45,2.4600000000000364
2019-02-27,1245.45,1245.57,1231.64,1244.17,-1.2799999999999727
2019-02-28,1244.17,1245.17,1237.52,1240.23,-3.9400000000000546
2019-03-01,1240.23,1252.23,1239.22,1249.02,8.789999999999964
2019-03-04,1249.02,1257.3,1230.78,1244.15,-4.869999999999891
2019-03-05,1244.15,1244.2,1236.79,1240.55,-3.6000000000001364
2019-03-06,1240.55,1240.92,1232.37,1233.76,-6.789999999999964
2019-03-07,1233.76,1233.76,1218.17,1222.4,-11.3599999999999
2019-03-08,1222.4,1222.95,1205.65,1222.09,-0.3100000000001728
2019-03-11,1222.09,1249.44,1222.09,1248.58,26.49000000000001
2019-03-12,1248.58,1259.78,1248.05,1255.07,6.490000000000009
2019-03-13,1255.07,1271.28,1255.07,1263.67,8.600000000000136
2019-03-14,1263.67,1270.13,1262.8,1266.24,2.5699999999999363
2019-03-15,1266.24,1287.35,1266.24,1281.64,15.400000000000091
2019-03-18,1281.64,1290.37,1279.23,1286.87,5.229999999999791
2019-03-19,1286.87,1295.76,1284.75,1289.45,2.5800000000001546
2019-03-20,1289.45,1296.42,1278.36,1285.9,-3.5499999999999545
2019-03-21,1285.9,1321.11,1285.9,1317.68,31.779999999999973
2019-03-22,1317.68,1317.68,1286.73,1286.77,-30.910000000000082
2019-03-25,1286.77,1290.02,1273.47,1281.66,-5.1099999999999
2019-03-26,1281.66,1300.88,1281.54,1288.82,7.1599999999998545
2019-03-27,1288.82,1295.17,1270.09,1281.78,-7.039999999999964
2019-03-28,1281.78,1291.69,1278.71,1286.59,4.809999999999945
2019-03-29,1286.59,1299.4,1286.59,1299.16,12.570000000000164
2019-04-01,1299.16,1318.33,1299.16,1317.4,18.24000000000001
2019-04-02,1317.4,1323.19,1314.02,1321.39,3.990000000000009
2019-04-03,1321.39,1338.82,1321.39,1332.39,11
2019-04-04,1332.39,1334.59,1318.29,1326.56,-5.830000000000155
2019-04-05,1326.56,1333.5,1326.56,1332.22,5.660000000000082
2019-04-08,1332.22,1337.8,1323.68,1337.63,5.410000000000082
2019-04-09,1337.63,1337.63,1328.3,1330.64,-6.990000000000009
2019-04-10,1330.64,1340.3,1330.64,1340,9.3599999999999
2019-04-11,1340,1342.5,1335.7,1338.34,-1.6600000000000819
2019-04-12,1338.34,1347.66,1338.34,1347.62,9.279999999999973
2019-04-15,1347.62,1350.79,1340.09,1347.12,-0.5
2019-04-16,1347.12,1355.36,1347.12,1353.67,6.550000000000182
2019-04-17,1353.67,1363.16,1353.67,1361.53,7.8599999999999
2019-04-18,1361.53,1365.74,1355.44,1365.38,3.8500000000001364
2019-04-22,1365.38,1368.99,1358.07,1368.48,3.099999999999909
2019-04-23,1368.48,1385.11,1368.48,1383.91,15.430000000000064
2019-04-24,1383.91,1390.45,1382.19,1383.8,-0.11000000000012733
2019-04-25,1383.8,1394.44,1376.65,1383.78,-0.01999999999998181
2019-04-26,1383.78,1383.78,1364.22,1378.9,-4.879999999999882
2019-04-29,1378.9,1383.08,1377.35,1378.82,-0.08000000000015461
2019-04-30,1378.82,1383.02,1370.67,1381.76,2.9400000000000546
2019-05-01,1381.76,1398.51,1377.92,1378.01,-3.75
2019-05-02,1378.01,1387.09,1363.39,1370.58,-7.430000000000064
2019-05-03,1370.58,1384.25,1370.58,1383.55,12.970000000000027
2019-05-06,1383.55,1383.55,1346.14,1372.25,-11.299999999999955
2019-05-07,1372.25,1372.25,1330.64,1343.21,-29.039999999999964
2019-05-08,1343.21,1352.2,1336.09,1340.96,-2.25
2019-05-09,1340.96,1340.96,1309.24,1331.85,-9.110000000000127
2019-05-10,1331.85,1340.81,1303.28,1334.23,2.380000000000109
2019-05-13,1334.23,1334.23,1280.91,1284.72,-49.50999999999999
2019-05-14,1284.72,1313.19,1284.72,1305.26,20.539999999999964
2019-05-15,1305.26,1322.37,1294.56,1318.1,12.839999999999918
2019-05-16,1318.1,1340.02,1317.65,1331.12,13.019999999999982
2019-05-17,1331.12,1337.53,1318.02,1320.19,-10.929999999999836
2019-05-20,1320.19,1320.19,1290.38,1297.15,-23.039999999999964
2019-05-21,1297.15,1316.76,1297.15,1312.69,15.539999999999964
2019-05-22,1312.69,1312.69,1303.78,1305.25,-7.440000000000055
2019-05-23,1305.25,1305.25,1273.39,1282.69,-22.559999999999945
2019-05-24,1282.69,1296.38,1281.9,1283.32,0.6299999999998818
2019-05-28,1283.32,1295.39,1279,1279.08,-4.240000000000009
2019-05-29,1279.08,1279.08,1263.45,1271.44,-7.639999999999873
2019-05-30,1271.44,1282,1270.94,1279.09,7.649999999999864
2019-05-31,1279.09,1279.09,1257.83,1258.6,-20.49000000000001
2019-06-03,1258.6,1266.94,1227.88,1236.49,-22.1099999999999
2019-06-04,1236.49,1277.32,1236.49,1276.85,40.3599999999999
2019-06-05,1276.85,1297.04,1276.85,1294.44,17.590000000000146
2019-06-06,1294.44,1311.53,1291.41,1308.5,14.059999999999945
2019-06-07,1308.5,1341.21,1308.5,1333.69,25.190000000000055
2019-06-10,1333.69,1359.76,1333.69,1346.78,13.089999999999918
2019-06-11,1346.78,1361.94,1339.46,1347.03,0.25
2019-06-12,1347.03,1347.03,1336.4,1339.26,-7.769999999999982
2019-06-13,1339.26,1347.85,1338.38,1342.19,2.9300000000000637
2019-06-14,1342.19,1342.19,1325.99,1331.07,-11.120000000000118
2019-06-17,1331.07,1339.08,1329.89,1333.28,2.2100000000000364
2019-06-18,1333.28,1363.45,1333.28,1356.19,22.910000000000082
2019-06-19,1356.19,1365.22,1351.85,1362.09,5.899999999999864
2019-06-20,1362.09,1386.09,1362.09,1381.59,19.5
2019-06-21,1381.59,1386.77,1375.24,1375.25,-6.339999999999918
2019-06-24,1375.25,1382.07,1375.25,1377.33,2.0799999999999272
2019-06-25,1377.33,1378.18,1350.71,1352.02,-25.309999999999945
2019-06-26,1352.02,1376.07,1352.02,1366.8,14.779999999999973
2019-06-27,1366.8,1375.1,1366.8,1370.6,3.7999999999999545
2019-06-28,1370.6,1375.6,1365.99,1372.56,1.9600000000000364
2019-07-01,1372.56,1403.19,1372.56,1392.41,19.850000000000136
2019-07-02,1392.41,1396.47,1388.19,1396.41,4
2019-07-03,1396.41,1405.9,1395.9,1405.88,9.470000000000027
2019-07-05,1405.88,1405.88,1389.5,1403.17,-2.7100000000000364
2019-07-08,1403.17,1403.17,1386.14,1392.92,-10.25
2019-07-09,1392.92,1398.24,1384.75,1397.3,4.379999999999882
2019-07-10,1397.3,1416.42,1397.3,1408.51,11.210000000000036
2019-07-11,1408.51,1418.96,1408.51,1413.28,4.769999999999982
2019-07-12,1413.28,1424.8,1413.28,1424.52,11.240000000000009
2019-07-15,1424.52,1430.49,1424.52,1428.79,4.269999999999982
2019-07-16,1428.79,1428.79,1412.97,1415.8,-12.990000000000009
2019-07-17,1415.8,1421.05,1411.46,1411.65,-4.149999999999864
2019-07-18,1411.65,1424.27,1408.21,1423.02,11.36999999999989
2019-07-19,1423.02,1435.35,1414.82,1415.14,-7.879999999999882
2019-07-22,1415.14,1435.63,1415.14,1432.44,17.299999999999955
2019-07-23,1432.44,1440.41,1429.67,1440.39,7.9500000000000455
2019-07-24,1440.39,1452.77,1439.84,1452.75,12.3599999999999
2019-07-25,1452.75,1452.75,1438.81,1441.26,-11.490000000000009
2019-07-26,1441.26,1452.4,1441.26,1449.31,8.049999999999955
2019-07-29,1449.31,1451.04,1437.37,1448.58,-0.7300000000000182
2019-07-30,1448.58,1448.58,1435.47,1438.48,-10.099999999999909
2019-07-31,1438.48,1448.28,1402.9,1417.35,-21.13000000000011
2019-08-01,1417.35,1449.61,1403.17,1409.78,-7.569999999999936
2019-08-02,1409.78,1409.78,1374.5,1386.07,-23.710000000000036
2019-08-05,1386.07,1386.07,1318.64,1329.68,-56.38999999999987
2019-08-06,1329.68,1355.65,1329.68,1351.07,21.389999999999873
2019-08-07,1351.07,1362.92,1328.5,1359.7,8.63000000000011
2019-08-08,1359.7,1392.39,1359.7,1392.17,32.47000000000003
2019-08-09,1392.17,1392.17,1365.24,1374.82,-17.350000000000136
2019-08-12,1374.82,1374.82,1351.53,1357.6,-17.220000000000027
2019-08-13,1357.6,1396.48,1353.6,1391.09,33.49000000000001
2019-08-14,1391.09,1391.09,1344.59,1347.85,-43.24000000000001
2019-08-15,1347.85,1351.92,1334.32,1345.34,-2.509999999999991
2019-08-16,1345.34,1373.78,1345.34,1370.62,25.279999999999973
2019-08-19,1370.62,1395.77,1370.62,1391.95,21.330000000000155
2019-08-20,1391.95,1396.71,1384.46,1384.62,-7.330000000000155
2019-08-21,1384.62,1404.4,1384.62,1400.95,16.330000000000155
2019-08-22,1400.95,1407.51,1385.35,1397.29,-3.660000000000082
2019-08-23,1397.29,1402.59,1346.04,1351.11,-46.180000000000064
2019-08-26,1351.11,1370.52,1351.11,1369.95,18.840000000000146
2019-08-27,1369.95,1381.22,1360.35,1368.12,-1.8300000000001546
2019-08-28,1368.12,1371.35,1351.2,1369.42,1.300000000000182
2019-08-29,1369.42,1397.06,1369.42,1393.07,23.649999999999864
2019-08-30,1393.07,1403.15,1382.79,1393.25,0.18000000000006366
2019-09-03,1393.25,1393.25,1370.63,1375.65,-17.59999999999991
2019-09-04,1375.65,1399.64,1375.65,1399.16,23.50999999999999
2019-09-05,1399.16,1433.89,1399.16,1428.93,29.769999999999982
2019-09-06,1428.93,1432.04,1423.64,1426.76,-2.1700000000000728
2019-09-09,1426.76,1434.01,1408.87,1416.49,-10.269999999999982
2019-09-10,1416.49,1416.49,1393.24,1409.53,-6.960000000000036
2019-09-11,1409.53,1423.78,1409.53,1423.77,14.240000000000009
2019-09-12,1423.77,1442.61,1423.77,1430.86,7.089999999999918
2019-09-13,1430.86,1430.86,1419.3,1421.26,-9.599999999999909
2019-09-16,1421.26,1421.26,1409.16,1417.4,-3.8599999999999
2019-09-17,1417.4,1422.88,1415.07,1422.34,4.939999999999827
2019-09-18,1422.34,1423.62,1403.63,1423.27,0.9300000000000637
2019-09-19,1423.27,1438.75,1423.27,1426.3,3.0299999999999727
2019-09-20,1426.3,1430.55,1406.98,1410.34,-15.960000000000036
2019-09-23,1410.34,1417.65,1406.46,1413.57,3.230000000000018
2019-09-24,1413.57,1428.18,1393.92,1399.08,-14.490000000000009
2019-09-25,1399.08,1420.11,1385.28,1416.42,17.340000000000146
2019-09-26,1416.42,1422.81,1407.18,1416.98,0.5599999999999454
2019-09-27,1416.98,1421.02,1388.66,1398.82,-18.160000000000082
2019-09-30,1398.82,1417.05,1398.82,1413.36,14.539999999999964
2019-10-01,1413.36,1429.37,1400.41,1401.34,-12.019999999999982
2019-10-02,1401.34,1401.34,1364.14,1373.62,-27.720000000000027
2019-10-03,1373.62,1391.15,1356.38,1390.61,16.99000000000001
2019-10-04,1390.61,1415.3,1390.61,1414.4,23.79000000000019
2019-10-07,1414.4,1419.05,1406.72,1407.63,-6.769999999999982
2019-10-08,1407.63,1407.63,1381.98,1382.07,-25.560000000000173
2019-10-09,1382.07,1407.23,1382.07,1402.13,20.060000000000173
2019-10-10,1402.13,1417.25,1400.14,1411.07,8.939999999999827
2019-10-11,1411.07,1443.94,1411.07,1432.11,21.039999999999964
2019-10-14,1432.11,1436.64,1429.86,1430.66,-1.449999999999818
2019-10-15,1430.66,1449.79,1430.66,1446.46,15.799999999999955
2019-10-16,1446.46,1446.46,1431.06,1436.23,-10.230000000000018
2019-10-17,1436.23,1444.87,1426,1432.88,-3.349999999999909
2019-10-18,1432.88,1433.56,1410.93,1419.82,-13.060000000000173
2019-10-21,1419.82,1435.42,1419.82,1434.96,15.1400000000001
2019-10-22,1434.96,1442.75,1415.15,1415.29,-19.670000000000073
2019-10-23,1415.29,1417.06,1408.43,1417.01,1.7200000000000273
2019-10-24,1417.01,1438.77,1417.01,1438,20.99000000000001
2019-10-25,1438,1456.67,1437.37,1455.22,17.220000000000027
2019-10-28,1455.22,1474.29,1455.22,1473.62,18.399999999999864
2019-10-29,1473.62,1475.08,1459.77,1460.08,-13.539999999999964
2019-10-30,1460.08,1470.01,1456.75,1468.97,8.8900000000001
2019-10-31,1468.97,1472.55,1458.72,1467.2,-1.7699999999999818
2019-11-01,1467.2,1485.11,1467.2,1485.07,17.86999999999989
2019-11-04,1485.07,1497.93,1485.07,1493.2,8.13000000000011
2019-11-05,1493.2,1498.11,1486.45,1491.04,-2.160000000000082
2019-11-06,1491.04,1491.34,1483.05,1490.83,-0.21000000000003638
2019-11-07,1490.83,1509.21,1490.83,1500.8,9.970000000000027
2019-11-08,1500.8,1509.6,1492.05,1509.6,8.799999999999955
2019-11-11,1509.6,1512.37,1499.44,1510.51,0.9100000000000819
2019-11-12,1510.51,1520.87,1508.99,1514.87,4.3599999999999
2019-11-13,1514.87,1519.86,1509.14,1518.68,3.810000000000173
2019-11-14,1518.68,1518.68,1508.43,1516.68,-2
2019-11-15,1516.68,1529.44,1516.68,1529.44,12.759999999999991
2019-11-18,1529.44,1535.77,1522.69,1533.31,3.869999999999891
2019-11-19,1533.31,1541.12,1531.05,1537.04,3.730000000000018
2019-11-20,1537.04,1537.04,1514.92,1525.92,-11.11999999999989
2019-11-21,1525.92,1525.92,1515.28,1518.52,-7.400000000000091
2019-11-22,1518.52,1525.24,1510.61,1516.67,-1.849999999999909
2019-11-25,1516.67,1538.33,1516.67,1538.32,21.649999999999864
2019-11-26,1538.32,1543.59,1537.08,1539.37,1.0499999999999545
2019-11-27,1539.37,1548.39,1539.37,1548.18,8.810000000000173
2019-11-29,1548.18,1548.18,1541.58,1542.98,-5.2000000000000455
2019-12-02,1542.98,1544.05,1515.42,1521.44,-21.539999999999964
2019-12-03,1521.44,1521.44,1491.62,1508.54,-12.900000000000091
2019-12-04,1508.54,1518.68,1508.54,1513.86,5.319999999999936
2019-12-05,1513.86,1521.07,1512.94,1519.77,5.910000000000082
2019-12-06,1519.77,1538.04,1519.77,1536.81,17.039999999999964
2019-12-09,1536.81,1538.99,1528.92,1529.38,-7.429999999999836
2019-12-10,1529.38,1537.77,1526.13,1529.43,0.049999999999954525
2019-12-11,1529.43,1541.08,1529.43,1540.24,10.809999999999945
2019-12-12,1540.24,1558.55,1531.91,1556.93,16.690000000000055
2019-12-13,1556.93,1570.1,1551.93,1566.91,9.980000000000018
2019-12-16,1566.91,1586.1,1566.91,1580.49,13.579999999999927
2019-12-17,1580.49,1583.32,1575,1577.8,-2.6900000000000546
2019-12-18,1577.8,1583,1576.73,1576.83,-0.9700000000000273
2019-12-19,1576.83,1588.25,1576.83,1588.02,11.190000000000055
2019-12-20,1588.02,1599,1588.02,1597.04,9.019999999999982
2019-12-23,1597.04,1605.6,1597.04,1601.86,4.819999999999936
2019-12-24,1601.86,1604.21,1598.74,1602.48,0.6200000000001182
2019-12-26,1602.48,1614.42,1602.48,1614.34,11.8599999999999
2019-12-27,1614.34,1619.99,1610.12,1614.7,0.36000000000012733
2019-12-30,1614.7,1614.7,1592.44,1605.15,-9.549999999999955
2019-12-31,1605.15,1611.62,1597.34,1611.17,6.019999999999982
2020-01-02,1611.17,1639.52,1611.17,1639.12,27.949999999999818
2020-01-03,1639.12,1639.12,1615.88,1621.68,-17.439999999999827
2020-01-06,1621.68,1626.65,1602.36,1626.38,4.7000000000000455
2020-01-07,1626.38,1632.33,1622.3,1624.59,-1.790000000000191
2020-01-08,1624.59,1648.45,1623.19,1641.38,16.79000000000019
2020-01-09,1641.38,1661.05,1641.38,1659.95,18.569999999999936
2020-01-10,1659.95,1669.58,1653.67,1656.82,-3.130000000000109
2020-01-13,1656.82,1679.14,1656.82,1679.09,22.269999999999982
2020-01-14,1679.09,1680.91,1666.67,1669.08,-10.009999999999991
2020-01-15,1669.08,1678.96,1665.42,1670.26,1.1800000000000637
2020-01-16,1670.26,1693.84,1670.26,1693.66,23.40000000000009
2020-01-17,1693.66,1706.25,1692.41,1705.75,12.089999999999918
2020-01-21,1705.75,1714,1699.22,1704.33,-1.4200000000000728
2020-01-22,1704.33,1722.34,1704.33,1710.58,6.25
2020-01-23,1710.58,1719.25,1705.04,1718.85,8.269999999999982
2020-01-24,1718.85,1735.04,1704.53,1711.11,-7.740000000000009
2020-01-27,1711.11,1711.11,1663.19,1670.68,-40.429999999999836
2020-01-28,1670.68,1706.2,1670.68,1701.97,31.289999999999964
2020-01-29,1701.97,1717.89,1699.31,1705.61,3.6399999999998727
2020-01-30,1705.61,1721.79,1695.16,1720.68,15.070000000000164
2020-01-31,1720.68,1720.68,1667.75,1673.91,-46.76999999999998
2020-02-03,1673.91,1699.5,1672.6,1695.99,22.079999999999927
2020-02-04,1695.99,1743.57,1695.99,1740.06,44.069999999999936
2020-02-05,1740.06,1768.23,1737.53,1750.55,10.490000000000009
2020-02-06,1750.55,1766.15,1749.02,1766,15.450000000000045
2020-02-07,1766,1766,1744.77,1748.74,-17.25999999999999
2020-02-10,1748.74,1772.48,1737.66,1772.36,23.61999999999989
2020-02-11,1772.36,1787.07,1760.87,1766.25,-6.1099999999999
2020-02-12,1766.25,1785.89,1766.25,1785.01,18.75999999999999
2020-02-13,1785.01,1789.66,1768.69,1779.68,-5.329999999999927
2020-02-14,1779.68,1790.99,1778.35,1788.47,8.789999999999964
2020-02-18,1788.47,1788.47,1771.83,1782.23,-6.240000000000009
2020-02-19,1782.23,1804.18,1782.23,1801.61,19.37999999999988
2020-02-20,1801.61,1801.92,1758.95,1783.42,-18.189999999999827
2020-02-21,1783.42,1783.42,1732.44,1743.28,-40.1400000000001
2020-02-24,1743.28,1743.28,1645.5,1670.32,-72.96000000000004
2020-02-25,1670.32,1689.85,1611.14,1617.18,-53.13999999999987
2020-02-26,1617.18,1659.35,1612.17,1623.63,6.4500000000000455
2020-02-27,1623.63,1623.63,1535.98,1537.12,-86.51000000000022
2020-02-28,1537.12,1561.74,1477.6,1549.24,12.120000000000118
2020-03-02,1549.24,1638.07,1548.53,1637.61,88.36999999999989
2020-03-03,1637.61,1657.18,1560.09,1575.48,-62.12999999999988
2020-03-04,1575.48,1643.19,1575.48,1642.98,67.5
2020-03-05,1642.98,1642.98,1581.03,1590.23,-52.75
2020-03-06,1590.23,1590.23,1515.29,1557.93,-32.299999999999955
2020-03-09,1557.93,1557.93,1439.12,1440.2,-117.73000000000002
2020-03-10,1440.2,1535.75,1440.2,1535.19,94.99000000000001
2020-03-11,1535.19,1535.19,1441.72,1463,-72.19000000000005
2020-03-12,1463,1463,1318.62,1319.1,-143.9000000000001
2020-03-13,1319.1,1477,1319.1,1476.91,157.81000000000017
2020-03-16,1476.91,1476.91,1267.17,1271.4,-205.51
2020-03-17,1271.4,1372.67,1260.05,1357.53,86.12999999999988
2020-03-18,1357.53,1357.53,1231.03,1295.22,-62.309999999999945
2020-03-19,1295.22,1353.83,1263.98,1309.57,14.349999999999909
2020-03-20,1309.57,1348.11,1247.57,1251.66,-57.909999999999854
2020-03-23,1251.66,1269.57,1198.68,1239.39,-12.269999999999982
2020-03-24,1239.39,1367.1,1239.39,1367.1,127.70999999999981
2020-03-25,1367.1,1426.35,1337.94,1363.26,-3.839999999999918
2020-03-26,1363.26,1451.83,1363.26,1449.82,86.55999999999995
2020-03-27,1449.82,1449.82,1381.08,1383.04,-66.77999999999997
2020-03-30,1383.04,1443.74,1383.04,1441.6,58.559999999999945
2020-03-31,1441.6,1463.44,1406.88,1414.36,-27.24000000000001
2020-04-01,1414.36,1414.36,1336.53,1347.68,-66.67999999999984
2020-04-02,1347.68,1379.16,1336.53,1378.36,30.679999999999836
2020-04-03,1378.36,1386.05,1339.43,1355.6,-22.75999999999999
2020-04-06,1355.6,1481.25,1355.6,1474.59,118.99000000000001
2020-04-07,1474.59,1523.81,1457.35,1458.93,-15.659999999999854
2020-04-08,1458.93,1503.5,1458.93,1498.96,40.02999999999997
2020-04-09,1498.96,1523.2,1488.12,1499.2,0.2400000000000091
2020-04-13,1499.2,1503.25,1471.42,1502.24,3.0399999999999636
2020-04-14,1502.24,1566.3,1502.24,1564.86,62.61999999999989
2020-04-15,1564.86,1564.86,1519.06,1530.65,-34.20999999999981
2020-04-16,1530.65,1552.76,1523.98,1549.67,19.019999999999982
2020-04-17,1549.67,1575.76,1547.35,1571,21.329999999999927
2020-04-20,1571,1571,1542.74,1542.96,-28.039999999999964
2020-04-21,1542.96,1542.96,1470.85,1479.68,-63.27999999999997
2020-04-22,1479.68,1543.79,1479.68,1536.93,57.25
2020-04-23,1536.93,1557.62,1525.2,1526.34,-10.590000000000146
2020-04-24,1526.34,1558.5,1523.03,1558.5,32.16000000000008
2020-04-27,1558.5,1577.29,1558.5,1572.69,14.190000000000055
2020-04-28,1572.69,1593.2,1549.47,1550.58,-22.110000000000127
2020-04-29,1550.58,1620.23,1550.58,1615.98,65.40000000000009
2020-04-30,1615.98,1616.63,1595.83,1608.6,-7.380000000000109
2020-05-01,1608.6,1608.6,1557,1561.7,-46.899999999999864
2020-05-04,1561.7,1584.91,1549.08,1583.92,22.220000000000027
2020-05-05,1583.92,1626.13,1583.92,1606.48,22.559999999999945
2020-05-06,1606.48,1633.37,1606.48,1617.93,11.450000000000045
2020-05-07,1617.93,1651.01,1617.93,1642.45,24.519999999999982
2020-05-08,1642.45,1665.73,1642.45,1665.4,22.950000000000045
2020-05-11,1665.4,1685.88,1650.51,1676.99,11.589999999999918
Downloaded from Barchart.com as of 05-11-2020 07:50pm CDT